job_id,job_title,company,location,skills,experience,education,job_description,salary
JOB1011,Data Scientist,IBM,"New York, NY","Machine Learning, Statistics, NumPy, Scikit-Learn, Python, Data Visualization",1-2 years,Bachelor's in Statistics,"Analyze complex datasets to extract actionable insights, build predictive ML models, and communicate statistical findings to cross-functional teams. Seeking candidate skilled in Machine Learning and Statistics. Ideal for candidates aiming to work with modern engineering standards.","$110,000 - $150,000 / yr"
JOB1012,Data Analyst,Google,"New York, NY","Jupyter, Scikit-Learn, NumPy, Data Visualization, Pandas, Machine Learning, Python, Statistics, SQL, Matplotlib",0-1 years (Fresher),Bachelor's in Computer Science,"Analyze complex datasets to extract actionable insights, build predictive ML models, and communicate statistical findings to cross-functional teams. Seeking candidate skilled in Jupyter and Scikit-Learn. Ideal for candidates aiming to work with modern engineering standards.","$75,000 - $105,000 / yr"
JOB1013,Machine Learning Engineer,Microsoft,"New York, NY","SQL, Pandas, Excel, Matplotlib, Tableau, Reporting, Data Analysis",1-2 years,Bachelor's in Information Technology,"Transform raw data into meaningful business intelligence dashboards, perform exploratory data analysis, and support decision-making processes. Seeking candidate skilled in SQL and Pandas. Ideal for candidates aiming to work with modern engineering standards.","$125,000 - $175,000 / yr"
JOB1014,AI Engineer,Amazon,"New York, NY","Python, Power BI, Data Analysis, Excel, Reporting, Statistics, Matplotlib, Tableau, Pandas, SQL",3-5 years,Bachelor's in Information Technology,"Transform raw data into meaningful business intelligence dashboards, perform exploratory data analysis, and support decision-making processes. Seeking candidate skilled in Python and Power BI. Ideal for candidates aiming to work with modern engineering standards.","$130,000 - $180,000 / yr"
JOB1015,Python Developer,Bloomberg,"New York, NY","Excel, Tableau, SQL, Power BI, Data Analysis, Matplotlib, Reporting",0-1 years (Fresher),Bachelor's in Computer Science,"Transform raw data into meaningful business intelligence dashboards, perform exploratory data analysis, and support decision-making processes. Seeking candidate skilled in Excel and Tableau. Ideal for candidates aiming to work with modern engineering standards.","$90,000 - $125,000 / yr"
JOB1016,Software Developer,JPMorgan Chase,"New York, NY","SQL, Tableau, Excel, Power BI, Statistics, Python",3-5 years,Bachelor's in Information Technology,"Transform raw data into meaningful business intelligence dashboards, perform exploratory data analysis, and support decision-making processes. Seeking candidate skilled in SQL and Tableau. Ideal for candidates aiming to work with modern engineering standards.","$95,000 - $135,000 / yr"
JOB1017,Backend Developer,Goldman Sachs,"New York, NY","Matplotlib, Statistics, Pandas, Data Analysis, Reporting, Tableau, Excel",0-1 years (Fresher),Bachelor's in Computer Science,"Transform raw data into meaningful business intelligence dashboards, perform exploratory data analysis, and support decision-making processes. Seeking candidate skilled in Matplotlib and Statistics. Ideal for candidates aiming to work with modern engineering standards.","$100,000 - $140,000 / yr"
JOB1018,Frontend Developer,Datadog,"New York, NY","Data Analysis, Statistics, SQL, Tableau, Matplotlib, Reporting, Power BI, Excel, Python",1-2 years,Bachelor's in Computer Science,"Transform raw data into meaningful business intelligence dashboards, perform exploratory data analysis, and support decision-making processes. Seeking candidate skilled in Data Analysis and Statistics. Ideal for candidates aiming to work with modern engineering standards.","$85,000 - $120,000 / yr"
JOB1019,Full Stack Developer,Spotify,"New York, NY","Statistics, Python, Data Analysis, Excel, Reporting, Pandas, Matplotlib, SQL, Power BI, Tableau",Fresher / Entry Level,Bachelor's in Computer Science,"Transform raw data into meaningful business intelligence dashboards, perform exploratory data analysis, and support decision-making processes. Seeking candidate skilled in Statistics and Python. Ideal for candidates aiming to work with modern engineering standards.","$105,000 - $145,000 / yr"
JOB1020,Business Analyst,Morgan Stanley,"New York, NY","Python, Data Analysis, Statistics, Pandas, Excel, Reporting, SQL",3-5 years,Bachelor's in Computer Science,"Transform raw data into meaningful business intelligence dashboards, perform exploratory data analysis, and support decision-making processes. Seeking candidate skilled in Python and Data Analysis. Ideal for candidates aiming to work with modern engineering standards.","$80,000 - $110,000 / yr"
JOB1021,Data Scientist,Atlassian,"Australia, AS","Statistics, Power BI, Data Analysis, Tableau, Matplotlib, Reporting, Pandas, SQL",2-3 years,Bachelor's in Computer Science,"Transform raw data into meaningful business intelligence dashboards, perform exploratory data analysis, and support decision-making processes. Seeking candidate skilled in Statistics and Power BI. Ideal for candidates aiming to work with modern engineering standards.","$75,000 - $105,000 / yr"
JOB1022,Data Analyst,Canva,"Australia, AS","Reporting, SQL, Tableau, Matplotlib, Data Analysis, Power BI, Pandas, Python, Statistics, Excel",0-1 years (Fresher),Bachelor's in Information Technology,"Transform raw data into meaningful business intelligence dashboards, perform exploratory data analysis, and support decision-making processes. Seeking candidate skilled in Reporting and SQL. Ideal for candidates aiming to work with modern engineering standards.","$55,000 - $80,000 / yr"
JOB1023,Machine Learning Engineer,Telstra,"Australia, AS","Excel, Pandas, Data Analysis, SQL, Power BI, Matplotlib, Statistics, Python, Reporting, Tableau",Fresher / Entry Level,Bachelor's in Information Technology,"Transform raw data into meaningful business intelligence dashboards, perform exploratory data analysis, and support decision-making processes. Seeking candidate skilled in Excel and Pandas. Ideal for candidates aiming to work with modern engineering standards.","$85,000 - $125,000 / yr"
JOB1024,AI Engineer,Commonwealth Bank,"Australia, AS","Tableau, Pandas, Power BI, Reporting, Excel, Python, Data Analysis",0-1 years (Fresher),Bachelor's in Business Analytics,"Transform raw data into meaningful business intelligence dashboards, perform exploratory data analysis, and support decision-making processes. Seeking candidate skilled in Tableau and Pandas. Ideal for candidates aiming to work with modern engineering standards.","$90,000 - $135,000 / yr"
JOB1025,Python Developer,ANZ,"Australia, AS","Git, TensorFlow, SQL, Machine Learning, Docker, MLOps, PyTorch, Python, Deep Learning, Scikit-Learn",2-3 years,Bachelor's in Computer Science,"Design, deploy, and maintain scalable machine learning pipelines and production AI models integrated with enterprise software. Seeking candidate skilled in Git and TensorFlow. Ideal for candidates aiming to work with modern engineering standards.","$65,000 - $95,000 / yr"
JOB1026,Software Developer,Westpac,"Australia, AS","SQL, Machine Learning, Python, Deep Learning, Git, PyTorch, Docker, Scikit-Learn, TensorFlow",0-1 years (Fresher),Bachelor's in Computer Science,"Design, deploy, and maintain scalable machine learning pipelines and production AI models integrated with enterprise software. Seeking candidate skilled in SQL and Machine Learning. Ideal for candidates aiming to work with modern engineering standards.","$70,000 - $100,000 / yr"
JOB1027,Backend Developer,NAB,"Australia, AS","Git, Scikit-Learn, Deep Learning, TensorFlow, Docker, PyTorch, SQL, MLOps",0-1 years (Fresher),Bachelor's in Computer Science,"Design, deploy, and maintain scalable machine learning pipelines and production AI models integrated with enterprise software. Seeking candidate skilled in Git and Scikit-Learn. Ideal for candidates aiming to work with modern engineering standards.","$75,000 - $105,000 / yr"
JOB1028,Frontend Developer,WiseTech Global,"Australia, AS","Python, Deep Learning, PyTorch, SQL, Docker, TensorFlow",3-5 years,Bachelor's in Artificial Intelligence,"Design, deploy, and maintain scalable machine learning pipelines and production AI models integrated with enterprise software. Seeking candidate skilled in Python and Deep Learning. Ideal for candidates aiming to work with modern engineering standards.","$60,000 - $90,000 / yr"
JOB1029,Full Stack Developer,Macquarie Group,"Australia, AS","TensorFlow, Git, PyTorch, Machine Learning, Python, Docker",Fresher / Entry Level,Bachelor's in Artificial Intelligence,"Design, deploy, and maintain scalable machine learning pipelines and production AI models integrated with enterprise software. Seeking candidate skilled in TensorFlow and Git. Ideal for candidates aiming to work with modern engineering standards.","$75,000 - $110,000 / yr"
JOB1030,Business Analyst,REA Group,"Australia, AS","Python, Machine Learning, Deep Learning, MLOps, Git, PyTorch, TensorFlow",1-2 years,Bachelor's in Artificial Intelligence,"Design, deploy, and maintain scalable machine learning pipelines and production AI models integrated with enterprise software. Seeking candidate skilled in Python and Machine Learning. Ideal for candidates aiming to work with modern engineering standards.","$60,000 - $85,000 / yr"
JOB1031,Data Scientist,eInfochips,"Ahemdabad, IN","MLOps, PyTorch, Scikit-Learn, Git, TensorFlow, Deep Learning, Docker, Python, SQL, Machine Learning",1-2 years,Master's in Machine Learning,"Design, deploy, and maintain scalable machine learning pipelines and production AI models integrated with enterprise software. Seeking candidate skilled in MLOps and PyTorch. Ideal for candidates aiming to work with modern engineering standards.","₹6,00,000 - ₹14,00,000 / yr"
JOB1032,Data Analyst,TatvaSoft,"Ahemdabad, IN","MLOps, Python, Docker, TensorFlow, Git, Scikit-Learn",2-3 years,Master's in Machine Learning,"Design, deploy, and maintain scalable machine learning pipelines and production AI models integrated with enterprise software. Seeking candidate skilled in MLOps and Python. Ideal for candidates aiming to work with modern engineering standards.","₹4,00,000 - ₹9,00,000 / yr"
JOB1033,Machine Learning Engineer,Radixweb,"Ahemdabad, IN","Scikit-Learn, MLOps, Deep Learning, PyTorch, Python, SQL",Fresher / Entry Level,Master's in Machine Learning,"Design, deploy, and maintain scalable machine learning pipelines and production AI models integrated with enterprise software. Seeking candidate skilled in Scikit-Learn and MLOps. Ideal for candidates aiming to work with modern engineering standards.","₹8,00,000 - ₹18,00,000 / yr"
JOB1034,AI Engineer,Gateway Group,"Ahemdabad, IN","Python, TensorFlow, Machine Learning, SQL, Docker, PyTorch, Git, Scikit-Learn",3-5 years,Bachelor's in Artificial Intelligence,"Design, deploy, and maintain scalable machine learning pipelines and production AI models integrated with enterprise software. Seeking candidate skilled in Python and TensorFlow. Ideal for candidates aiming to work with modern engineering standards.","₹8,00,000 - ₹20,00,000 / yr"
JOB1035,Python Developer,Simform,"Ahemdabad, IN","Git, SQL, TensorFlow, Scikit-Learn, Machine Learning, Docker, PyTorch, Python, Deep Learning",Fresher / Entry Level,Bachelor's in Computer Science,"Design, deploy, and maintain scalable machine learning pipelines and production AI models integrated with enterprise software. Seeking candidate skilled in Git and SQL. Ideal for candidates aiming to work with modern engineering standards.","₹5,00,000 - ₹12,00,000 / yr"
JOB1036,Software Developer,Zealous System,"Ahemdabad, IN","TensorFlow, Deep Learning, SQL, Docker, Python, PyTorch, Machine Learning, Scikit-Learn, Git",3-5 years,Master's in Machine Learning,"Design, deploy, and maintain scalable machine learning pipelines and production AI models integrated with enterprise software. Seeking candidate skilled in TensorFlow and Deep Learning. Ideal for candidates aiming to work with modern engineering standards.","₹5,00,000 - ₹12,00,000 / yr"
JOB1037,Backend Developer,Hidden Brains,"Ahemdabad, IN","Generative AI, TensorFlow, API Development, Deep Learning, Transformers, PyTorch, NLP",Fresher / Entry Level,Master's in AI,"Develop state-of-the-art AI applications, integrate large language models (LLMs) and natural language processing solutions into cloud applications. Seeking candidate skilled in Generative AI and TensorFlow. Ideal for candidates aiming to work with modern engineering standards.","₹6,00,000 - ₹14,00,000 / yr"
JOB1038,Frontend Developer,Cygnet Infotech,"Ahemdabad, IN","Generative AI, TensorFlow, Deep Learning, Git, API Development, Transformers, PyTorch, NLP",1-2 years,Master's in AI,"Develop state-of-the-art AI applications, integrate large language models (LLMs) and natural language processing solutions into cloud applications. Seeking candidate skilled in Generative AI and TensorFlow. Ideal for candidates aiming to work with modern engineering standards.","₹4,00,000 - ₹10,00,000 / yr"
JOB1039,Full Stack Developer,OpenXcell,"Ahemdabad, IN","Git, Deep Learning, PyTorch, TensorFlow, Transformers, NLP, API Development, Python, LangChain, Generative AI",1-2 years,Bachelor's in Computer Science,"Develop state-of-the-art AI applications, integrate large language models (LLMs) and natural language processing solutions into cloud applications. Seeking candidate skilled in Git and Deep Learning. Ideal for candidates aiming to work with modern engineering standards.","₹6,00,000 - ₹15,00,000 / yr"
JOB1040,Business Analyst,Silver Touch Technologies,"Ahemdabad, IN","Transformers, TensorFlow, Generative AI, Deep Learning, API Development, Git",3-5 years,Master's in AI,"Develop state-of-the-art AI applications, integrate large language models (LLMs) and natural language processing solutions into cloud applications. Seeking candidate skilled in Transformers and TensorFlow. Ideal for candidates aiming to work with modern engineering standards.","₹4,00,000 - ₹9,00,000 / yr"
JOB1041,Data Scientist,Emirates,"Dubai, DU","PyTorch, TensorFlow, Generative AI, Git, Deep Learning, LangChain",0-1 years (Fresher),Master's in AI,"Develop state-of-the-art AI applications, integrate large language models (LLMs) and natural language processing solutions into cloud applications. Seeking candidate skilled in PyTorch and TensorFlow. Ideal for candidates aiming to work with modern engineering standards.","AED 180,000 - AED 300,000 / yr"
JOB1042,Data Analyst,Emirates NBD,"Dubai, DU","NLP, Transformers, Deep Learning, TensorFlow, Generative AI, LangChain, API Development, Git, PyTorch",3-5 years,Bachelor's in Computer Science,"Develop state-of-the-art AI applications, integrate large language models (LLMs) and natural language processing solutions into cloud applications. Seeking candidate skilled in NLP and Transformers. Ideal for candidates aiming to work with modern engineering standards.","AED 120,000 - AED 210,000 / yr"
JOB1043,Machine Learning Engineer,Careem,"Dubai, DU","LangChain, API Development, Transformers, Deep Learning, PyTorch, NLP, Generative AI",2-3 years,Bachelor's in Computer Science,"Develop state-of-the-art AI applications, integrate large language models (LLMs) and natural language processing solutions into cloud applications. Seeking candidate skilled in LangChain and API Development. Ideal for candidates aiming to work with modern engineering standards.","AED 200,000 - AED 350,000 / yr"
JOB1044,AI Engineer,Noon,"Dubai, DU","Deep Learning, API Development, PyTorch, Transformers, TensorFlow, Git, Generative AI, NLP",1-2 years,Bachelor's in Computer Science,"Develop state-of-the-art AI applications, integrate large language models (LLMs) and natural language processing solutions into cloud applications. Seeking candidate skilled in Deep Learning and API Development. Ideal for candidates aiming to work with modern engineering standards.","AED 220,000 - AED 380,000 / yr"
JOB1045,Python Developer,du,"Dubai, DU","Deep Learning, API Development, Transformers, Generative AI, Python, PyTorch, TensorFlow, LangChain, Git",3-5 years,Bachelor's in Software Engineering,"Develop state-of-the-art AI applications, integrate large language models (LLMs) and natural language processing solutions into cloud applications. Seeking candidate skilled in Deep Learning and API Development. Ideal for candidates aiming to work with modern engineering standards.","AED 140,000 - AED 240,000 / yr"
JOB1046,Software Developer,Etisalat,"Dubai, DU","LangChain, TensorFlow, API Development, Git, Deep Learning, Transformers, PyTorch, Generative AI",2-3 years,Bachelor's in Computer Science,"Develop state-of-the-art AI applications, integrate large language models (LLMs) and natural language processing solutions into cloud applications. Seeking candidate skilled in LangChain and TensorFlow. Ideal for candidates aiming to work with modern engineering standards.","AED 150,000 - AED 260,000 / yr"
JOB1047,Backend Developer,Mashreq,"Dubai, DU","TensorFlow, Deep Learning, Git, API Development, PyTorch, Generative AI",Fresher / Entry Level,Bachelor's in Computer Science,"Develop state-of-the-art AI applications, integrate large language models (LLMs) and natural language processing solutions into cloud applications. Seeking candidate skilled in TensorFlow and Deep Learning. Ideal for candidates aiming to work with modern engineering standards.","AED 160,000 - AED 280,000 / yr"
JOB1048,Frontend Developer,Dubai Holding,"Dubai, DU","Git, Python, PyTorch, Deep Learning, Generative AI, Transformers, TensorFlow, API Development, NLP, LangChain",2-3 years,Master's in AI,"Develop state-of-the-art AI applications, integrate large language models (LLMs) and natural language processing solutions into cloud applications. Seeking candidate skilled in Git and Python. Ideal for candidates aiming to work with modern engineering standards.","AED 130,000 - AED 230,000 / yr"
JOB1049,Full Stack Developer,Property Finder,"Dubai, DU","PostgreSQL, REST APIs, SQL, Docker, FastAPI, Flask, Python, Django",Fresher / Entry Level,Bachelor's in Computer Science,"Build scalable backend applications, construct clean RESTful APIs, write robust unit tests, and optimize database query performance. Seeking candidate skilled in PostgreSQL and REST APIs. Ideal for candidates aiming to work with modern engineering standards.","AED 170,000 - AED 300,000 / yr"
JOB1050,Business Analyst,Talabat,"Dubai, DU","Django, Python, Docker, Object Oriented Programming, REST APIs, Git, PostgreSQL",1-2 years,Bachelor's in Computer Science,"Build scalable backend applications, construct clean RESTful APIs, write robust unit tests, and optimize database query performance. Seeking candidate skilled in Django and Python. Ideal for candidates aiming to work with modern engineering standards.","AED 130,000 - AED 220,000 / yr"
JOB1051,Data Scientist,Tata Consultancy Services,"Mumbai, IN","FastAPI, Git, SQL, REST APIs, Flask, Django, Python, Object Oriented Programming, Docker, PostgreSQL",0-1 years (Fresher),Bachelor's in Software Engineering,"Build scalable backend applications, construct clean RESTful APIs, write robust unit tests, and optimize database query performance. Seeking candidate skilled in FastAPI and Git. Ideal for candidates aiming to work with modern engineering standards.","₹8,00,000 - ₹18,00,000 / yr"
JOB1052,Data Analyst,Reliance Industries,"Mumbai, IN","REST APIs, FastAPI, Django, SQL, PostgreSQL, Git, Python, Flask, Object Oriented Programming",Fresher / Entry Level,Bachelor's in Software Engineering,"Build scalable backend applications, construct clean RESTful APIs, write robust unit tests, and optimize database query performance. Seeking candidate skilled in REST APIs and FastAPI. Ideal for candidates aiming to work with modern engineering standards.","₹5,00,000 - ₹11,00,000 / yr"
JOB1053,Machine Learning Engineer,Infosys,"Mumbai, IN","PostgreSQL, Docker, REST APIs, Object Oriented Programming, Flask, Python",2-3 years,Bachelor's in Software Engineering,"Build scalable backend applications, construct clean RESTful APIs, write robust unit tests, and optimize database query performance. Seeking candidate skilled in PostgreSQL and Docker. Ideal for candidates aiming to work with modern engineering standards.","₹10,00,000 - ₹22,00,000 / yr"
JOB1054,AI Engineer,Wipro,"Mumbai, IN","Django, REST APIs, PostgreSQL, Git, FastAPI, Object Oriented Programming, Docker, Python, SQL",Fresher / Entry Level,Bachelor's in Software Engineering,"Build scalable backend applications, construct clean RESTful APIs, write robust unit tests, and optimize database query performance. Seeking candidate skilled in Django and REST APIs. Ideal for candidates aiming to work with modern engineering standards.","₹12,00,000 - ₹25,00,000 / yr"
JOB1055,Python Developer,HDFC Bank,"Mumbai, IN","Object Oriented Programming, SQL, PostgreSQL, REST APIs, Django, Python, Flask, Git, Docker",Fresher / Entry Level,Bachelor's in Information Technology,"Build scalable backend applications, construct clean RESTful APIs, write robust unit tests, and optimize database query performance. Seeking candidate skilled in Object Oriented Programming and SQL. Ideal for candidates aiming to work with modern engineering standards.","₹6,00,000 - ₹15,00,000 / yr"
JOB1056,Software Developer,ICICI Bank,"Mumbai, IN","Git, PostgreSQL, Flask, FastAPI, Django, Object Oriented Programming",2-3 years,Bachelor's in Information Technology,"Build scalable backend applications, construct clean RESTful APIs, write robust unit tests, and optimize database query performance. Seeking candidate skilled in Git and PostgreSQL. Ideal for candidates aiming to work with modern engineering standards.","₹6,00,000 - ₹15,00,000 / yr"
JOB1057,Backend Developer,Accenture,"Mumbai, IN","Docker, Python, FastAPI, Object Oriented Programming, Django, Git, SQL, Flask",3-5 years,Bachelor's in Computer Science,"Build scalable backend applications, construct clean RESTful APIs, write robust unit tests, and optimize database query performance. Seeking candidate skilled in Docker and Python. Ideal for candidates aiming to work with modern engineering standards.","₹7,00,000 - ₹17,00,000 / yr"
JOB1058,Frontend Developer,Capgemini,"Mumbai, IN","Django, SQL, FastAPI, Git, PostgreSQL, Object Oriented Programming",Fresher / Entry Level,Bachelor's in Information Technology,"Build scalable backend applications, construct clean RESTful APIs, write robust unit tests, and optimize database query performance. Seeking candidate skilled in Django and SQL. Ideal for candidates aiming to work with modern engineering standards.","₹5,00,000 - ₹13,00,000 / yr"
JOB1059,Full Stack Developer,LTIMindtree,"Mumbai, IN","Docker, PostgreSQL, REST APIs, Object Oriented Programming, SQL, Flask, Git, FastAPI, Django, Python",2-3 years,Bachelor's in Information Technology,"Build scalable backend applications, construct clean RESTful APIs, write robust unit tests, and optimize database query performance. Seeking candidate skilled in Docker and PostgreSQL. Ideal for candidates aiming to work with modern engineering standards.","₹8,00,000 - ₹19,00,000 / yr"
JOB1060,Business Analyst,Tech Mahindra,"Mumbai, IN","PostgreSQL, Django, Flask, Docker, REST APIs, FastAPI, Git",Fresher / Entry Level,Bachelor's in Software Engineering,"Build scalable backend applications, construct clean RESTful APIs, write robust unit tests, and optimize database query performance. Seeking candidate skilled in PostgreSQL and Django. Ideal for candidates aiming to work with modern engineering standards.","₹5,00,000 - ₹12,00,000 / yr"
JOB1061,Data Scientist,Google,"London, UK","Algorithms, Data Structures, Git, Java, C++, Python, SQL",0-1 years (Fresher),Bachelor's in Software Engineering,"Develop high quality software applications, write clean algorithmically optimized code, debug enterprise systems, and collaborate in agile teams. Seeking candidate skilled in Algorithms and Data Structures. Ideal for candidates aiming to work with modern engineering standards.","£60,000 - £90,000 / yr"
JOB1062,Data Analyst,Microsoft,"London, UK","C++, Object Oriented Programming, Java, SQL, Python, Algorithms, Unit Testing, Problem Solving",3-5 years,Bachelor's in Software Engineering,"Develop high quality software applications, write clean algorithmically optimized code, debug enterprise systems, and collaborate in agile teams. Seeking candidate skilled in C++ and Object Oriented Programming. Ideal for candidates aiming to work with modern engineering standards.","£40,000 - £65,000 / yr"
JOB1063,Machine Learning Engineer,Amazon,"London, UK","Algorithms, Object Oriented Programming, Java, SQL, Python, Data Structures",0-1 years (Fresher),Bachelor's in Software Engineering,"Develop high quality software applications, write clean algorithmically optimized code, debug enterprise systems, and collaborate in agile teams. Seeking candidate skilled in Algorithms and Object Oriented Programming. Ideal for candidates aiming to work with modern engineering standards.","£65,000 - £100,000 / yr"
JOB1064,AI Engineer,Meta,"London, UK","Unit Testing, Algorithms, Java, Object Oriented Programming, Python, Problem Solving, Data Structures",Fresher / Entry Level,Bachelor's in Computer Engineering,"Develop high quality software applications, write clean algorithmically optimized code, debug enterprise systems, and collaborate in agile teams. Seeking candidate skilled in Unit Testing and Algorithms. Ideal for candidates aiming to work with modern engineering standards.","£70,000 - £110,000 / yr"
JOB1065,Python Developer,Barclays,"London, UK","Object Oriented Programming, Unit Testing, Algorithms, SQL, Problem Solving, Data Structures, C++, Git, Python",0-1 years (Fresher),Bachelor's in Computer Engineering,"Develop high quality software applications, write clean algorithmically optimized code, debug enterprise systems, and collaborate in agile teams. Seeking candidate skilled in Object Oriented Programming and Unit Testing. Ideal for candidates aiming to work with modern engineering standards.","£45,000 - £75,000 / yr"
JOB1066,Software Developer,HSBC,"London, UK","Java, C++, Data Structures, Unit Testing, Algorithms, Python, SQL, Git",3-5 years,Bachelor's in Software Engineering,"Develop high quality software applications, write clean algorithmically optimized code, debug enterprise systems, and collaborate in agile teams. Seeking candidate skilled in Java and C++. Ideal for candidates aiming to work with modern engineering standards.","£50,000 - £80,000 / yr"
JOB1067,Backend Developer,Lloyds Banking Group,"London, UK","Data Structures, Algorithms, Problem Solving, Git, Unit Testing, Python",1-2 years,Bachelor's in Computer Engineering,"Develop high quality software applications, write clean algorithmically optimized code, debug enterprise systems, and collaborate in agile teams. Seeking candidate skilled in Data Structures and Algorithms. Ideal for candidates aiming to work with modern engineering standards.","£50,000 - £85,000 / yr"
JOB1068,Frontend Developer,BT Group,"London, UK","SQL, Java, Data Structures, Git, Problem Solving, C++, Unit Testing",0-1 years (Fresher),Bachelor's in Computer Science,"Develop high quality software applications, write clean algorithmically optimized code, debug enterprise systems, and collaborate in agile teams. Seeking candidate skilled in SQL and Java. Ideal for candidates aiming to work with modern engineering standards.","£40,000 - £70,000 / yr"
JOB1069,Full Stack Developer,Revolut,"London, UK","Unit Testing, Algorithms, Object Oriented Programming, Python, Data Structures, C++, Git, Java, Problem Solving, SQL",Fresher / Entry Level,Bachelor's in Computer Science,"Develop high quality software applications, write clean algorithmically optimized code, debug enterprise systems, and collaborate in agile teams. Seeking candidate skilled in Unit Testing and Algorithms. Ideal for candidates aiming to work with modern engineering standards.","£55,000 - £90,000 / yr"
JOB1070,Business Analyst,Monzo,"London, UK","Unit Testing, Algorithms, Python, Object Oriented Programming, Java, Problem Solving, SQL, C++",Fresher / Entry Level,Bachelor's in Software Engineering,"Develop high quality software applications, write clean algorithmically optimized code, debug enterprise systems, and collaborate in agile teams. Seeking candidate skilled in Unit Testing and Algorithms. Ideal for candidates aiming to work with modern engineering standards.","£42,000 - £68,000 / yr"
JOB1071,Data Scientist,Infosys,"Bangalore, IN","Problem Solving, Object Oriented Programming, Algorithms, Java, Unit Testing, Data Structures, Git, Python, SQL",3-5 years,Bachelor's in Software Engineering,"Develop high quality software applications, write clean algorithmically optimized code, debug enterprise systems, and collaborate in agile teams. Seeking candidate skilled in Problem Solving and Object Oriented Programming. Ideal for candidates aiming to work with modern engineering standards.","₹8,00,000 - ₹20,00,000 / yr"
JOB1072,Data Analyst,Wipro,"Bangalore, IN","C++, Git, SQL, Problem Solving, Data Structures, Unit Testing",3-5 years,Bachelor's in Computer Engineering,"Develop high quality software applications, write clean algorithmically optimized code, debug enterprise systems, and collaborate in agile teams. Seeking candidate skilled in C++ and Git. Ideal for candidates aiming to work with modern engineering standards.","₹5,00,000 - ₹12,00,000 / yr"
JOB1073,Machine Learning Engineer,Tata Consultancy Services,"Bangalore, IN","REST APIs, MongoDB, Redis, Python, PostgreSQL, Git",Fresher / Entry Level,Bachelor's in Computer Science,"Architect efficient server-side logic, design relational and NoSQL databases, implement authentication protocols, and build microservice APIs. Seeking candidate skilled in REST APIs and MongoDB. Ideal for candidates aiming to work with modern engineering standards.","₹10,00,000 - ₹25,00,000 / yr"
JOB1074,AI Engineer,Accenture,"Bangalore, IN","PostgreSQL, Git, REST APIs, MongoDB, Redis, Docker",1-2 years,Bachelor's in Computer Science,"Architect efficient server-side logic, design relational and NoSQL databases, implement authentication protocols, and build microservice APIs. Seeking candidate skilled in PostgreSQL and Git. Ideal for candidates aiming to work with modern engineering standards.","₹12,00,000 - ₹28,00,000 / yr"
JOB1075,Python Developer,Amazon,"Bangalore, IN","MongoDB, Docker, Git, Python, Microservices, Redis, Node.js",1-2 years,Bachelor's in IT,"Architect efficient server-side logic, design relational and NoSQL databases, implement authentication protocols, and build microservice APIs. Seeking candidate skilled in MongoDB and Docker. Ideal for candidates aiming to work with modern engineering standards.","₹7,00,000 - ₹16,00,000 / yr"
JOB1076,Software Developer,Microsoft,"Bangalore, IN","Git, Microservices, Node.js, Docker, Python, PostgreSQL",1-2 years,Bachelor's in Computer Science,"Architect efficient server-side logic, design relational and NoSQL databases, implement authentication protocols, and build microservice APIs. Seeking candidate skilled in Git and Microservices. Ideal for candidates aiming to work with modern engineering standards.","₹7,00,000 - ₹18,00,000 / yr"
JOB1077,Backend Developer,Google,"Bangalore, IN","MongoDB, Microservices, Docker, PostgreSQL, Node.js, Git, REST APIs, Redis, Python, Express",2-3 years,Bachelor's in Computer Science,"Architect efficient server-side logic, design relational and NoSQL databases, implement authentication protocols, and build microservice APIs. Seeking candidate skilled in MongoDB and Microservices. Ideal for candidates aiming to work with modern engineering standards.","₹8,00,000 - ₹20,00,000 / yr"
JOB1078,Frontend Developer,Flipkart,"Bangalore, IN","MongoDB, Python, Redis, REST APIs, Express, Docker, PostgreSQL, Git, Node.js, Microservices",2-3 years,Bachelor's in Software Engineering,"Architect efficient server-side logic, design relational and NoSQL databases, implement authentication protocols, and build microservice APIs. Seeking candidate skilled in MongoDB and Python. Ideal for candidates aiming to work with modern engineering standards.","₹6,00,000 - ₹15,00,000 / yr"
JOB1079,Full Stack Developer,Swiggy,"Bangalore, IN","PostgreSQL, Redis, Microservices, Node.js, Git, Python, Express, REST APIs",3-5 years,Bachelor's in Software Engineering,"Architect efficient server-side logic, design relational and NoSQL databases, implement authentication protocols, and build microservice APIs. Seeking candidate skilled in PostgreSQL and Redis. Ideal for candidates aiming to work with modern engineering standards.","₹8,00,000 - ₹22,00,000 / yr"
JOB1080,Business Analyst,Razorpay,"Bangalore, IN","Python, Express, REST APIs, Microservices, Redis, PostgreSQL, Docker, Git, Node.js",1-2 years,Bachelor's in Computer Science,"Architect efficient server-side logic, design relational and NoSQL databases, implement authentication protocols, and build microservice APIs. Seeking candidate skilled in Python and Express. Ideal for candidates aiming to work with modern engineering standards.","₹6,00,000 - ₹14,00,000 / yr"
JOB1081,Data Scientist,Microsoft,"Hyderabad, IN","Docker, MongoDB, REST APIs, Git, Redis, PostgreSQL",0-1 years (Fresher),Bachelor's in IT,"Architect efficient server-side logic, design relational and NoSQL databases, implement authentication protocols, and build microservice APIs. Seeking candidate skilled in Docker and MongoDB. Ideal for candidates aiming to work with modern engineering standards.","₹7,00,000 - ₹17,00,000 / yr"
JOB1082,Data Analyst,Google,"Hyderabad, IN","REST APIs, Docker, Python, MongoDB, Git, Node.js, Express, Redis, PostgreSQL",0-1 years (Fresher),Bachelor's in Software Engineering,"Architect efficient server-side logic, design relational and NoSQL databases, implement authentication protocols, and build microservice APIs. Seeking candidate skilled in REST APIs and Docker. Ideal for candidates aiming to work with modern engineering standards.","₹4,50,000 - ₹10,00,000 / yr"
JOB1083,Machine Learning Engineer,Amazon,"Hyderabad, IN","MongoDB, Python, Git, Express, Docker, Microservices, Redis",3-5 years,Bachelor's in Software Engineering,"Architect efficient server-side logic, design relational and NoSQL databases, implement authentication protocols, and build microservice APIs. Seeking candidate skilled in MongoDB and Python. Ideal for candidates aiming to work with modern engineering standards.","₹9,00,000 - ₹20,00,000 / yr"
JOB1084,AI Engineer,Deloitte,"Hyderabad, IN","Microservices, Express, Git, Node.js, Python, MongoDB, PostgreSQL, Docker, REST APIs, Redis",1-2 years,Bachelor's in IT,"Architect efficient server-side logic, design relational and NoSQL databases, implement authentication protocols, and build microservice APIs. Seeking candidate skilled in Microservices and Express. Ideal for candidates aiming to work with modern engineering standards.","₹10,00,000 - ₹22,00,000 / yr"
JOB1085,Python Developer,Oracle,"Hyderabad, IN","REST APIs, CSS3, JavaScript, Redux, HTML5, React, TypeScript, UI/UX Design",2-3 years,Bachelor's in Web Development,"Build interactive, accessible, and responsive user interfaces, collaborate with product designers, and optimize web app performance. Seeking candidate skilled in REST APIs and CSS3. Ideal for candidates aiming to work with modern engineering standards.","₹5,00,000 - ₹12,00,000 / yr"
JOB1086,Software Developer,Infosys,"Hyderabad, IN","REST APIs, CSS3, HTML5, UI/UX Design, Redux, JavaScript, TypeScript, Tailwind CSS",2-3 years,Bachelor's in Information Technology,"Build interactive, accessible, and responsive user interfaces, collaborate with product designers, and optimize web app performance. Seeking candidate skilled in REST APIs and CSS3. Ideal for candidates aiming to work with modern engineering standards.","₹6,00,000 - ₹14,00,000 / yr"
JOB1087,Backend Developer,Tata Consultancy Services,"Hyderabad, IN","Redux, CSS3, JavaScript, Git, Tailwind CSS, REST APIs",3-5 years,Bachelor's in Information Technology,"Build interactive, accessible, and responsive user interfaces, collaborate with product designers, and optimize web app performance. Seeking candidate skilled in Redux and CSS3. Ideal for candidates aiming to work with modern engineering standards.","₹6,00,000 - ₹15,00,000 / yr"
JOB1088,Frontend Developer,Wipro,"Hyderabad, IN","Tailwind CSS, HTML5, Git, CSS3, React, TypeScript, JavaScript, UI/UX Design, REST APIs, Redux",0-1 years (Fresher),Bachelor's in Web Development,"Build interactive, accessible, and responsive user interfaces, collaborate with product designers, and optimize web app performance. Seeking candidate skilled in Tailwind CSS and HTML5. Ideal for candidates aiming to work with modern engineering standards.","₹5,00,000 - ₹12,00,000 / yr"
JOB1089,Full Stack Developer,ServiceNow,"Hyderabad, IN","CSS3, Tailwind CSS, Redux, TypeScript, REST APIs, Git",2-3 years,Bachelor's in Information Technology,"Build interactive, accessible, and responsive user interfaces, collaborate with product designers, and optimize web app performance. Seeking candidate skilled in CSS3 and Tailwind CSS. Ideal for candidates aiming to work with modern engineering standards.","₹7,00,000 - ₹18,00,000 / yr"
JOB1090,Business Analyst,Salesforce,"Hyderabad, IN","REST APIs, CSS3, Tailwind CSS, Redux, JavaScript, HTML5, UI/UX Design, Git",3-5 years,Bachelor's in Computer Science,"Build interactive, accessible, and responsive user interfaces, collaborate with product designers, and optimize web app performance. Seeking candidate skilled in REST APIs and CSS3. Ideal for candidates aiming to work with modern engineering standards.","₹5,00,000 - ₹11,00,000 / yr"
JOB1101,Data Scientist,IBM,"New York, NY","REST APIs, SQL, CSS3, HTML5, Python, MongoDB, Docker, JavaScript, Node.js, React",3-5 years,Bachelor's in Computer Science,Handle end-to-end full stack web application development from interactive frontend client components to backend APIs and database operations. Seeking candidate skilled in REST APIs and SQL. Ideal for candidates aiming to work with modern engineering standards.,"$110,000 - $150,000 / yr"
JOB1102,Data Analyst,Google,"New York, NY","HTML5, JavaScript, MongoDB, Docker, React, REST APIs, CSS3, SQL, Python",3-5 years,Bachelor's in IT,Handle end-to-end full stack web application development from interactive frontend client components to backend APIs and database operations. Seeking candidate skilled in HTML5 and JavaScript. Ideal for candidates aiming to work with modern engineering standards.,"$75,000 - $105,000 / yr"
JOB1103,Machine Learning Engineer,Microsoft,"New York, NY","JavaScript, HTML5, Docker, MongoDB, Git, REST APIs",0-1 years (Fresher),Bachelor's in IT,Handle end-to-end full stack web application development from interactive frontend client components to backend APIs and database operations. Seeking candidate skilled in JavaScript and HTML5. Ideal for candidates aiming to work with modern engineering standards.,"$125,000 - $175,000 / yr"
JOB1104,AI Engineer,Amazon,"New York, NY","MongoDB, HTML5, Python, SQL, CSS3, React, Docker, REST APIs, Git",1-2 years,Bachelor's in IT,Handle end-to-end full stack web application development from interactive frontend client components to backend APIs and database operations. Seeking candidate skilled in MongoDB and HTML5. Ideal for candidates aiming to work with modern engineering standards.,"$130,000 - $180,000 / yr"
JOB1105,Python Developer,Bloomberg,"New York, NY","JavaScript, MongoDB, REST APIs, Git, Python, React, SQL",3-5 years,Bachelor's in Computer Science,Handle end-to-end full stack web application development from interactive frontend client components to backend APIs and database operations. Seeking candidate skilled in JavaScript and MongoDB. Ideal for candidates aiming to work with modern engineering standards.,"$90,000 - $125,000 / yr"
JOB1106,Software Developer,JPMorgan Chase,"New York, NY","SQL, Python, React, Docker, MongoDB, REST APIs, HTML5, CSS3, Git, Node.js, JavaScript",3-5 years,Bachelor's in IT,Handle end-to-end full stack web application development from interactive frontend client components to backend APIs and database operations. Seeking candidate skilled in SQL and Python. Ideal for candidates aiming to work with modern engineering standards.,"$95,000 - $135,000 / yr"
JOB1107,Backend Developer,Goldman Sachs,"New York, NY","Docker, Python, JavaScript, Node.js, CSS3, HTML5, MongoDB, React, Git, REST APIs, SQL",2-3 years,Bachelor's in IT,Handle end-to-end full stack web application development from interactive frontend client components to backend APIs and database operations. Seeking candidate skilled in Docker and Python. Ideal for candidates aiming to work with modern engineering standards.,"$100,000 - $140,000 / yr"
JOB1108,Frontend Developer,Datadog,"New York, NY","React, Git, Python, JavaScript, Docker, Node.js, MongoDB",Fresher / Entry Level,Bachelor's in Software Engineering,Handle end-to-end full stack web application development from interactive frontend client components to backend APIs and database operations. Seeking candidate skilled in React and Git. Ideal for candidates aiming to work with modern engineering standards.,"$85,000 - $120,000 / yr"
JOB1109,Full Stack Developer,Spotify,"New York, NY","Data Modeling, Communication, SQL, Excel, Process Mapping, Business Analysis, Requirements Gathering, Jira",Fresher / Entry Level,Bachelor's in Computer Science,"Bridge the gap between business stakeholders and technical engineering teams, gather product requirements, and document workflow models. Seeking candidate skilled in Data Modeling and Communication. Ideal for candidates aiming to work with modern engineering standards.","$105,000 - $145,000 / yr"
JOB1110,Business Analyst,Morgan Stanley,"New York, NY","Business Analysis, Data Modeling, Requirements Gathering, Agile, Process Mapping, Jira, SQL, Communication",1-2 years,Bachelor's in Business Administration,"Bridge the gap between business stakeholders and technical engineering teams, gather product requirements, and document workflow models. Seeking candidate skilled in Business Analysis and Data Modeling. Ideal for candidates aiming to work with modern engineering standards.","$80,000 - $110,000 / yr"
JOB1111,Data Scientist,Atlassian,"Australia, AS","SQL, Business Analysis, Power BI, Jira, Data Modeling, Process Mapping, Agile, Requirements Gathering",1-2 years,Bachelor's in Computer Science,"Bridge the gap between business stakeholders and technical engineering teams, gather product requirements, and document workflow models. Seeking candidate skilled in SQL and Business Analysis. Ideal for candidates aiming to work with modern engineering standards.","$75,000 - $105,000 / yr"
JOB1112,Data Analyst,Canva,"Australia, AS","Business Analysis, Requirements Gathering, Process Mapping, Data Modeling, Power BI, Excel, Communication, Agile, SQL",3-5 years,Bachelor's in Computer Science,"Bridge the gap between business stakeholders and technical engineering teams, gather product requirements, and document workflow models. Seeking candidate skilled in Business Analysis and Requirements Gathering. Ideal for candidates aiming to work with modern engineering standards.","$55,000 - $80,000 / yr"
JOB1113,Machine Learning Engineer,Telstra,"Australia, AS","Business Analysis, Jira, Excel, Requirements Gathering, Agile, Data Modeling, Power BI, Process Mapping, SQL",1-2 years,Bachelor's in Business Administration,"Bridge the gap between business stakeholders and technical engineering teams, gather product requirements, and document workflow models. Seeking candidate skilled in Business Analysis and Jira. Ideal for candidates aiming to work with modern engineering standards.","$85,000 - $125,000 / yr"
JOB1114,AI Engineer,Commonwealth Bank,"Australia, AS","Communication, SQL, Requirements Gathering, Power BI, Excel, Jira, Process Mapping, Data Modeling, Business Analysis",Fresher / Entry Level,Bachelor's in Business Administration,"Bridge the gap between business stakeholders and technical engineering teams, gather product requirements, and document workflow models. Seeking candidate skilled in Communication and SQL. Ideal for candidates aiming to work with modern engineering standards.","$90,000 - $135,000 / yr"
JOB1115,Python Developer,ANZ,"Australia, AS","Data Modeling, Jira, Communication, Power BI, Requirements Gathering, SQL, Agile, Business Analysis, Excel, Process Mapping",1-2 years,Bachelor's in Business Administration,"Bridge the gap between business stakeholders and technical engineering teams, gather product requirements, and document workflow models. Seeking candidate skilled in Data Modeling and Jira. Ideal for candidates aiming to work with modern engineering standards.","$65,000 - $95,000 / yr"
JOB1116,Software Developer,Westpac,"Australia, AS","Power BI, Process Mapping, Communication, Jira, Agile, Requirements Gathering, Excel",2-3 years,Bachelor's in Computer Science,"Bridge the gap between business stakeholders and technical engineering teams, gather product requirements, and document workflow models. Seeking candidate skilled in Power BI and Process Mapping. Ideal for candidates aiming to work with modern engineering standards.","$70,000 - $100,000 / yr"
JOB1117,Backend Developer,NAB,"Australia, AS","Power BI, Process Mapping, Agile, Requirements Gathering, Excel, Communication",2-3 years,Bachelor's in Business Administration,"Bridge the gap between business stakeholders and technical engineering teams, gather product requirements, and document workflow models. Seeking candidate skilled in Power BI and Process Mapping. Ideal for candidates aiming to work with modern engineering standards.","$75,000 - $105,000 / yr"
JOB1118,Frontend Developer,WiseTech Global,"Australia, AS","Power BI, Business Analysis, Communication, Excel, Requirements Gathering, Process Mapping, Agile, Jira, SQL",Fresher / Entry Level,Bachelor's in Information Systems,"Bridge the gap between business stakeholders and technical engineering teams, gather product requirements, and document workflow models. Seeking candidate skilled in Power BI and Business Analysis. Ideal for candidates aiming to work with modern engineering standards.","$60,000 - $90,000 / yr"
JOB1119,Full Stack Developer,Macquarie Group,"Australia, AS","Data Modeling, Jira, Power BI, Agile, SQL, Business Analysis, Process Mapping, Requirements Gathering, Communication, Excel",1-2 years,Bachelor's in Computer Science,"Bridge the gap between business stakeholders and technical engineering teams, gather product requirements, and document workflow models. Seeking candidate skilled in Data Modeling and Jira. Ideal for candidates aiming to work with modern engineering standards.","$75,000 - $110,000 / yr"
JOB1120,Business Analyst,REA Group,"Australia, AS","Power BI, Communication, Excel, Process Mapping, Requirements Gathering, Jira, Data Modeling, SQL, Agile",Fresher / Entry Level,Bachelor's in Computer Science,"Bridge the gap between business stakeholders and technical engineering teams, gather product requirements, and document workflow models. Seeking candidate skilled in Power BI and Communication. Ideal for candidates aiming to work with modern engineering standards.","$60,000 - $85,000 / yr"
